protein_id,mutations,pretty_sites,num_mutations,predicted_ddg,method
1EY0A,1EY0A:23V>F;1EY0A:76F>G,23V>F;76F>G,2,-4.503683524531025,GA
1EY0A,1EY0A:12A>G;1EY0A:39V>G,12A>G;39V>G,2,-4.4551035978836,GA
1EY0A,1EY0A:132A>G;1EY0A:76F>G,76F>G;132A>G,2,-4.451735727513226,GA
1EY0A,1EY0A:36L>A;1EY0A:76F>G,36L>A;76F>G,2,-4.43083556878307,GA
1EY0A,1EY0A:23V>S;1EY0A:76F>G,23V>S;76F>G,2,-4.43083556878307,GA
1EY0A,1EY0A:39V>G;1EY0A:76F>A,39V>G;76F>A,2,-4.406816322751323,GA
1EY0A,1EY0A:39V>G;1EY0A:62T>G,39V>G;62T>G,2,-4.406454378306876,GA
1EY0A,1EY0A:39V>G;1EY0A:66V>T,39V>G;66V>T,2,-4.4032382473544995,GA
1EY0A,1EY0A:39V>G;1EY0A:94A>G,39V>G;94A>G,2,-4.393486541005292,GA
1EY0A,1EY0A:132A>G;1EY0A:39V>G,39V>G;132A>G,2,-4.379746521164021,GA
1EY0A,1EY0A:39V>G;1EY0A:58A>G,39V>G;58A>G,2,-4.37974652116402,GA
1EY0A,1EY0A:36L>A;1EY0A:39V>G,36L>A;39V>G,2,-4.369427599206349,GA
1EY0A,1EY0A:23V>S;1EY0A:39V>G,23V>S;39V>G,2,-4.369427599206349,GA
1EY0A,1EY0A:132A>G;1EY0A:23V>S,23V>S;132A>G,2,-4.363263762626261,GA
1EY0A,1EY0A:12A>G;1EY0A:23V>S,12A>G;23V>S,2,-4.351174556277055,GA
1EY0A,1EY0A:23V>S;1EY0A:76F>A,23V>S;76F>A,2,-4.348770628306876,GA
1EY0A,1EY0A:125L>A;1EY0A:39V>G,39V>G;125L>A,2,-4.348293763227512,GA
1EY0A,1EY0A:103L>A;1EY0A:39V>G,39V>G;103L>A,2,-4.348293763227511,GA
1EY0A,1EY0A:12A>G;1EY0A:39V>S,12A>G;39V>S,2,-4.324133127705627,GA
1EY0A,1EY0A:12A>G;1EY0A:34F>A,12A>G;34F>A,2,-4.322067301587301,GA
1EY0A,1EY0A:36L>A;1EY0A:39V>S,36L>A;39V>S,2,-4.314459285714285,GA
1EY0A,1EY0A:23V>S;1EY0A:36L>A,23V>S;36L>A,2,-4.309695952380952,GA
1EY0A,1EY0A:132A>G;1EY0A:34F>A,34F>A;132A>G,2,-4.302588035714286,GA
1EY0A,1EY0A:39V>G;1EY0A:74V>A,39V>G;74V>A,2,-4.298826150793652,GA
1EY0A,1EY0A:39V>G;1EY0A:90A>G,39V>G;90A>G,2,-4.287157539682539,GA
1EY0A,1EY0A:17A>G;1EY0A:39V>S,17A>G;39V>S,2,-4.286928088023088,GA
1EY0A,1EY0A:17A>G;1EY0A:34F>A,17A>G;34F>A,2,-4.281550595238096,GA
1EY0A,1EY0A:118N>D;1EY0A:39V>G,39V>G;118N>D,2,-4.28145247955748,GA
1EY0A,1EY0A:23V>S;1EY0A:34F>A,23V>S;34F>A,2,-4.278764007936508,GA
1EY0A,1EY0A:128S>G;1EY0A:39V>G,39V>G;128S>G,2,-4.273351970899467,GA
1EY0A,1EY0A:23V>S;1EY0A:39V>S,23V>S;39V>S,2,-4.270249841269841,GA
1EY0A,1EY0A:103L>V;1EY0A:39V>G,39V>G;103L>V,2,-4.258098849206347,GA
1EY0A,1EY0A:125L>V;1EY0A:39V>G,39V>G;125L>V,2,-4.2580988492063465,GA
1EY0A,1EY0A:132A>G;1EY0A:39V>S,39V>S;132A>G,2,-4.256096679292925,GA
1EY0A,1EY0A:25L>G;1EY0A:39V>G,25L>G;39V>G,2,-4.254182857142856,GA
1EY0A,1EY0A:34F>A;1EY0A:39V>G,34F>A;39V>G,2,-4.254182857142856,GA
1EY0A,1EY0A:36L>V;1EY0A:39V>G,36L>V;39V>G,2,-4.24800558201058,GA
1EY0A,1EY0A:34F>A;1EY0A:36L>A,34F>A;36L>A,2,-4.24492650793651,GA
1EY0A,1EY0A:39V>S;1EY0A:94A>G,39V>S;94A>G,2,-4.231025455747954,GA
1EY0A,1EY0A:132A>G;1EY0A:36L>A,36L>A;132A>G,2,-4.227953432539683,GA
1EY0A,1EY0A:39V>T;1EY0A:66V>S,39V>T;66V>S,2,-4.1847135515873,GA
1EY0A,1EY0A:103L>I;1EY0A:39V>G,39V>G;103L>I,2,-4.161350726911979,GA
1EY0A,1EY0A:125L>I;1EY0A:39V>G,39V>G;125L>I,2,-4.161350726911977,GA
1EY0A,1EY0A:125L>A;1EY0A:12A>G,12A>G;125L>A,2,-4.1335685912698406,GA
1EY0A,1EY0A:23V>T;1EY0A:39V>S,23V>T;39V>S,2,-4.128007585978831,GA
1EY0A,1EY0A:23V>S;1EY0A:74V>T,23V>S;74V>T,2,-4.128007585978831,GA
1EY0A,1EY0A:25L>A;1EY0A:39V>S,25L>A;39V>S,2,-4.114480238095237,GA
1EY0A,1EY0A:36L>I;1EY0A:39V>G,36L>I;39V>G,2,-4.1144196687109185,GA
1EY0A,1EY0A:34F>A;1EY0A:39V>S,34F>A;39V>S,2,-4.086249404761904,GA
1EY0A,1EY0A:39V>A;1EY0A:98M>G,39V>A;98M>G,2,-4.059350224867726,GA
