protein_id,mutations,pretty_sites,num_mutations,predicted_ddg,method,ddg_foldx,ddg_diff_model_minus_foldx
1EY0A,1EY0A:12A>G;1EY0A:39V>G,12A>G;39V>G,2,-4.4551035978836,GA,-1.55363,-2.9014735978835997
1EY0A,1EY0A:132A>G;1EY0A:76F>G,76F>G;132A>G,2,-4.451735727513226,GA,-1.76768,-2.684055727513226
1EY0A,1EY0A:23V>S;1EY0A:76F>G,23V>S;76F>G,2,-4.4308355687830705,GA,-0.611055,-3.8197805687830706
1EY0A,1EY0A:36L>A;1EY0A:76F>G,36L>A;76F>G,2,-4.43083556878307,GA,-0.500728,-3.9301075687830695
1EY0A,1EY0A:39V>G;1EY0A:66V>T,39V>G;66V>T,2,-4.403238247354499,GA,0.0217114,-4.424949647354499
1EY0A,1EY0A:39V>G;1EY0A:94A>G,39V>G;94A>G,2,-4.393486541005293,GA,0.0217114,-4.415197941005293
1EY0A,1EY0A:132A>G;1EY0A:39V>G,39V>G;132A>G,2,-4.379746521164021,GA,-0.228681,-4.151065521164021
1EY0A,1EY0A:23V>S;1EY0A:39V>G,23V>S;39V>G,2,-4.369427599206351,GA,-0.022514,-4.346913599206351
1EY0A,1EY0A:36L>A;1EY0A:39V>G,36L>A;39V>G,2,-4.36942759920635,GA,-0.253449,-4.1159785992063505
